{"cameraMode":{"drawMode":0,"name":"Shaded","section":"Shading Mode"},"sceneLighting":true,"audioPlay":false,"sceneViewState":{"showFog":true,"showMaterialUpdate":false,"showSkybox":true,"showFlares":true,"showImageEffects":true,"showParticleSystems":true},"in2DMode":false,"pivot":{"x":1.1297831535339356,"y":0.18755412101745606,"z":92.34212493896485},"rotation":{"x":-0.09768154472112656,"y":-0.10640555620193482,"z":0.010533899068832398,"w":-0.9895000457763672},"size":6.7488322257995609,"orthographic":false}