{"cameraMode":{"drawMode":0,"name":"Shaded","section":"Shading Mode"},"sceneLighting":true,"audioPlay":false,"sceneViewState":{"showFog":true,"showMaterialUpdate":false,"showSkybox":true,"showFlares":true,"showImageEffects":true,"showParticleSystems":true},"in2DMode":false,"pivot":{"x":0.5831835865974426,"y":0.953458845615387,"z":91.09070587158203},"rotation":{"x":-0.0488845594227314,"y":0.009860195219516755,"z":-0.00044106124551035464,"w":-0.9988145232200623},"size":4.0240631103515629,"orthographic":false}